CFPP.name,emission_names,cluster,is_new_cluster,Longitude,Latitude,Height..m.,Diameter..m.,Exit.Temp....,Velocity..m.s.,MW,COD,SO2_control,CO2_tpa,Hg_kgpa,NOx_tpa,PM_tpa,SOx_tpa
Nagan Raya Unit 1,Nagan95,nagan95,FALSE,96.19889,4.10755,145,5,75,17,110,2013,FGD,583441.9634912389,21.626197138977577,619.5685806184215,139.18421259078787,835.1052755447272
Nagan Raya Unit 2,Nagan95,nagan95,FALSE,96.19889,4.10755,145,5,75,17,110,2014,FGD,583441.9634912389,21.626197138977577,619.5685806184215,139.18421259078787,835.1052755447272
Nagan Raya Unit 3,Nagan94,nagan94,FALSE,96.20241,4.115636,150,5,120,16.5,200,2023,none,1060803.569984071,39.3203584345047,1943.6878580287266,253.06220471052347,2168.8706887581156
Nagan Raya Unit 4,Nagan94,nagan94,FALSE,96.20241,4.115636,150,5,120,16.5,200,2023,none,1060803.569984071,39.3203584345047,1943.6878580287266,253.06220471052347,2168.8706887581156
Andalas Cement,Andal19,andal19,FALSE,95.24653,5.453465,140,5,120,17.5,30,2007,none,238664.448,6.370676694061433,159.80102125714285,95.68923428571428,526.2907885714285
Celukan Bawang Unit 1,Celuk55,celuk55,FALSE,114.8516,-8.19629,210,8.5,50,20,142,2015,FGD,753170.5346886902,4.121955555674906,1562.666667,166.3333333,2188.666667
Celukan Bawang Unit 2,Celuk55,celuk55,FALSE,114.8516,-8.19629,210,8.5,50,20,142,2015,FGD,753170.5346886902,4.121955555674906,1562.666667,166.3333333,2188.666667
Celukan Bawang Unit 3,Celuk55,celuk55,FALSE,114.8516,-8.19629,210,8.5,50,20,142,2015,FGD,753170.5346886902,4.121955555674906,1562.666667,166.3333333,2188.666667
Air Anyir Unit 1,AirAn42,airan42,FALSE,106.1496,-2.07925,135,4.7,153.15,17,30,2014,FGD,201552.67829697343,12.277364799392807,444.45378810503695,80.80977965546126,37.172498641512185
Air Anyir Unit 2,AirAn42,airan42,FALSE,106.1496,-2.07925,135,4.7,153.15,17,30,2014,FGD,201552.67829697343,12.277364799392807,444.45378810503695,80.80977965546126,37.172498641512185
Suge Unit 1,Suge118,suge118,FALSE,107.564665671009,-2.8921440541970602,130,4.6,75,17,16.5,2015,FGD,110853.97306333539,2.9590281609044036,98.94874684582439,44.4453788105037,20.4448742528317
Suge Unit 2,Suge118,suge118,FALSE,107.564665671009,-2.8921440541970602,130,4.6,75,17,16.5,2015,FGD,110853.97306333539,2.9590281609044036,244.44958345777033,44.4453788105037,20.4448742528317
Banten Unit 1 / Banten Serang,Bante50,bante50,FALSE,106.0459,-5.88297,220,7.5,120,19,660,2017,none,3167256.373238154,84.54366174012583,5803.296604685768,755.5714397785629,6475.628199292088
Jawa-10,Jawa-68,jawa-68,FALSE,106.0336,-5.88922,285,8.5,75,20,1000,2025,FGD,4798873.292785083,106.74704765167404,2405.052965936348,962.021186374539,2116.4466100239856
Jawa-7 Unit 1,Jawa-72,jawa-72,FALSE,106.1008,-5.99169,200,9,75,20.5,991,2019,FGD,4755683.433150015,84.62905937824713,3813.451982788671,1134.5019648796297,8065.450943598039
Jawa-7 Unit 2,Jawa-72,jawa-72,FALSE,106.1008,-5.99169,200,9,75,20.5,991,2020,FGD,4755683.433150015,84.62905937824713,3813.451982788671,1134.5019648796297,8065.450943598039
Jawa-9,Jawa-68,jawa-68,FALSE,106.0336,-5.88922,285,8.5,75,20,1000,2025,FGD,4798873.292785083,106.74704765167404,2405.052965936348,962.021186374539,2116.4466100239856
Labuan Unit 1,Labua84,labua84,FALSE,105.8278,-6.39218,215,7.5,95,18.5,300,2009,none,1727594.3854026294,46.11472458552317,2674.9999589177883,412.1298762428524,3532.160835977502
Labuan Unit 2,Labua84,labua84,FALSE,105.8278,-6.39218,215,7.5,95,18.5,300,2010,none,1591205.354976106,42.474088434034506,2463.8157516348047,379.59330706578515,3253.306033137173
Lontar Expansion,Lonta89,lonta89,FALSE,106.4643,-6.05887,127,4.6,131,25,315,2024,none,1670765.6227249112,20.005208852522006,3684.2879803443852,140.67281379496742,3684.2879803443852
Lontar Unit 1,Lonta89,lonta89,FALSE,106.4643,-6.05887,127,6.5,131,25,315,2011,none,1670765.6227249112,20.005208852522006,3964.293866850558,144.02216650437143,5012.641264894006
Lontar Unit 2,Lonta89,lonta89,FALSE,106.4643,-6.05887,127,4.6,131,25,315,2012,none,1670765.6227249112,20.005208852522006,3957.59516143175,144.02216650437143,5003.932947849556
Lontar Unit 3,Lonta89,lonta89,FALSE,106.4643,-6.05887,127,4.6,131,25,315,2012,none,1670765.6227249112,20.005208852522006,3964.293866850558,144.02216650437143,5012.641264894006
Suralaya Unit 1,Sural66,sural66,FALSE,106.0302,-5.89191,200,7,538,21,400,1984,none,2346364.124528212,187.72402869469303,3061.0819792887705,759.8377069582779,5764.822924792594
Suralaya Unit 2,Sural66,sural66,FALSE,106.0302,-5.89191,200,7,538,22,400,1985,none,2336842.6469214316,186.96225002752627,3062.7140720665207,1010.5204388104089,5422.734407998595
Suralaya Unit 3,Sural66,sural66,FALSE,106.0302,-5.89191,200,7,538,22,400,1988,none,2273577.8713702587,181.90066627043583,3183.303688931969,858.780523557925,3748.8809905363787
Suralaya Unit 4,Sural66,sural66,FALSE,106.0302,-5.89191,200,7,538,21,400,1989,none,2258293.3142518033,180.6778046484497,5141.720293764153,817.3784715290495,5647.177542981647
Suralaya Unit 5,Sural66,sural66,FALSE,106.0302,-5.89191,275,8.5,538,22,600,1996,none,3430683.8859059317,274.4764947212619,5277.87583856971,1314.4828243019842,8219.145495186825
Suralaya Unit 6,Sural66,sural66,FALSE,106.0302,-5.89191,275,8.5,538,20,600,1997,none,3315011.1562002213,265.22194185648243,5132.94948257251,1525.816234284038,6777.72090236911
Suralaya Unit 7,Sural66,sural66,FALSE,106.0302,-5.89191,275,8.5,538,19,600,1997,none,3287078.2000050023,262.98712799468547,5883.079356776238,1121.7381454810413,7513.9915990752315
Suralaya Unit 8,Jawa-68,jawa-68,FALSE,106.0336,-5.88922,265,7.5,120,19.5,625,2011,none,3315011.1562002213,88.48768423757188,5933.0726298190175,1131.2704597655566,7577.844049615618
Cemindo Gemilang,Cemin30,cemin30,FALSE,106.2502,-6.95081,135,4.7,120,16.5,60,2016,none,477328.896,12.741353388122866,319.6020425142857,191.37846857142856,1052.581577142857
Asahimas Chemical Unit 1,Asahi24,asahi24,FALSE,105.9426,-6.02475,145,5,120,16.5,150,2019,none,942096.5052631578,25.147408002874073,1726.1834237593982,224.7437936842105,1926.1676280721802
Asahimas Chemical Unit 2,Asahi24,asahi24,FALSE,105.9426,-6.02475,145,5,120,16.5,150,2019,none,942096.5052631578,25.147408002874073,1726.1834237593982,224.7437936842105,1926.1676280721802
Cilegon PTIP,Asahi24,asahi24,FALSE,105.9501,-6.02389,135,4.6,120,16.5,40,2017,none,318219.264,8.49423559208191,213.0680283428571,127.5856457142857,701.7210514285714
DSS Serang Unit 1,DSSSe32,dssse32,FALSE,106.2892,-6.12544,145,5.5,120,18.5,35,1998,none,278441.856,7.432456143071671,186.43452480000002,111.63744000000003,614.0059200000002
DSS Serang Unit 2,DSSSe32,dssse32,FALSE,106.2892,-6.12544,145,5.5,120,18.5,35,1998,none,278441.856,7.432456143071671,186.43452480000002,111.63744000000003,614.0059200000002
DSS Serang Unit 3,DSSSe32,dssse32,FALSE,106.2892,-6.12544,145,5.5,120,18.5,35,1998,none,278441.856,7.432456143071671,186.43452480000002,111.63744000000003,614.0059200000002
DSS Serang Unit 4,DSSSe32,dssse32,FALSE,106.2892,-6.12544,150,5.5,120,18.5,70,1998,none,556883.712,14.864912286143342,372.86904960000004,223.27488000000005,1228.0118400000003
Merak Unit 1,Merak35,merak35,FALSE,106.0642,-5.88403,140,4.8,120,17,60,2014,none,477328.896,12.741353388122866,319.6020425142857,191.37846857142856,1052.581577142857
Merak Unit 2,Merak35,merak35,FALSE,106.0642,-5.88403,140,4.8,120,17,60,2014,none,477328.896,12.741353388122866,319.6020425142857,191.37846857142856,1052.581577142857
Bengkulu Unit 1,Bengk51,bengk51,FALSE,102.2704,-3.91235,120,4.7,75,8.5,100,2019,FGD,530401.7849920355,14.1580294780115,112.7083768878802,114.83495003670814,129.72096207850362
Bengkulu Unit 2,Bengk51,bengk51,FALSE,102.2704,-3.91235,120,4.7,75,8.5,100,2019,FGD,530401.7849920355,14.1580294780115,112.7083768878802,114.83495003670814,129.72096207850362
Jambi-1 Unit 1,Jambi63,jambi63,FALSE,103.1998,-1.92274,210,5,130,15.72,300,2030,none,1591205.354976106,53.09261054254313,6421.15,856.153,6421.15
Jambi-1 Unit 2,Jambi63,jambi63,FALSE,103.1998,-1.92274,210,5,130,15.72,300,2032,none,1591205.354976106,53.09261054254313,6421.15,856.153,6421.15
Jambi-2 Unit 1,Jambi64,jambi64,FALSE,103.1899,-1.92842,210,5,130,15.72,300,2032,none,1591205.354976106,53.09261054254313,6421.15,856.153,6421.15
Jambi-2 Unit 2,Jambi64,jambi64,FALSE,103.1899,-1.92842,210,5,130,15.72,300,2032,none,1591205.354976106,53.09261054254313,6421.15,856.153,6421.15
Sinar Mas Jambi Lontar Unit 1,Sinar38,sinar38,FALSE,103.0821,-1.0069,150,5.5,120,19,37,1994,none,294352.81919999997,7.857167922675767,197.0879262171429,118.0167222857143,649.0919725714286
Sinar Mas Jambi Lontar Unit 2,Sinar38,sinar38,FALSE,103.0821,-1.0069,150,5.5,120,19,37,1994,none,294352.81919999997,7.857167922675767,197.0879262171429,118.0167222857143,649.0919725714286
Sinar Mas Jambi Lontar Unit 3,Sinar38,sinar38,FALSE,103.0821,-1.0069,150,5.5,120,19,37,1994,none,294352.81919999997,7.857167922675767,197.0879262171429,118.0167222857143,649.0919725714286
Sinar Mas Jambi Lontar Unit 4,Sinar38,sinar38,FALSE,103.0821,-1.0069,140,4.9,120,16.5,100,2017,none,628064.3368421053,16.764938668582715,420.5290033082707,251.81377443609023,1384.9757593984964
Cikarang Babelan Unit 1,Cikar31,cikar31,FALSE,107.05197,-6.11607,145,5,120,17,140,2017,none,742562.4989888493,19.821241269216102,1360.581500620108,177.1435432973664,1518.2094821306807
Cikarang Babelan Unit 2,Cikar31,cikar31,FALSE,107.05197,-6.11607,145,5,120,17,140,2017,none,742562.4989888493,19.821241269216102,1360.581500620108,177.1435432973664,1518.2094821306807
Cirebon Unit 1,Cireb59,cireb59,FALSE,108.6149,-6.77029,215,7.1,138,25,660,2012,none,3167256.373238154,84.54366174012583,10527.205438259305,368.26171014417343,8241.4430994334
Indramayu Unit 1,Indra62,indra62,FALSE,107.9704,-6.27474,220,9.2,130,20.3,330,2010,none,1750325.8904737167,46.721497277437955,2167.133278495523,465.413293059885,1549.7167899037156
Indramayu Unit 2,Indra62,indra62,FALSE,107.9704,-6.27474,220,9.2,130,20.3,330,2011,none,1750325.8904737167,46.721497277437955,2167.133278495523,465.413293059885,1549.7167899037156
Indramayu Unit 3,Indra62,indra62,FALSE,107.9704,-6.27474,220,9.2,130,20.3,330,2011,none,1750325.8904737167,46.721497277437955,2167.133278495523,465.413293059885,1549.7167899037156
Jawa-1 / Cirebon-2,Cireb59,cireb59,FALSE,108.6149,-6.77029,200,8.5,119,25,924,2023,none,4434158.922533415,118.36112643617614,9066.857277342753,888.9075762100739,11111.344702625924
Pelabuhan Ratu Unit 1,Pelab106,pelab106,FALSE,106.5464,-7.0242000000000004,208,6,120,18,350,2013,none,1856406.2474721237,49.55310317304024,2874.4517102406057,442.858858243416,3795.523705326702
Pelabuhan Ratu Unit 2,Pelab106,pelab106,FALSE,106.5464,-7.0242000000000004,208,6,120,18,350,2013,none,1856406.2474721237,49.55310317304024,2874.4517102406057,442.858858243416,3795.523705326702
Pelabuhan Ratu Unit 3,Pelab106,pelab106,FALSE,106.5464,-7.0242000000000004,208,6,120,18,350,2013,none,1856406.2474721237,49.55310317304024,2874.4517102406057,442.858858243416,3795.523705326702
Pindo-Deli-Ii Unit 1,Pindo36,pindo36,FALSE,107.3436,-6.38547,140,5,120,17.5,50,2007,none,397774.08,10.617794490102387,266.3350354285714,159.48205714285714,877.1513142857143
FAJAR Unit 1,FAJAR33,fajar33,FALSE,107.124,-6.27265,135,4.7,120,16.5,55,2017,none,437551.48800000007,11.679573939112629,292.9685389714286,175.43026285714288,964.8664457142858
Bandung Indosyntec Unit 1,Bandu27,bandu27,FALSE,107.6058,-6.9705,140,5,120,18,30,2004,none,238664.448,6.370676694061433,159.80102125714285,95.68923428571428,526.2907885714285
Indo Bharat Rayon,IndoB34,indob34,FALSE,107.3852,-6.4858,140,5,120,17.5,36.6,2008,none,291170.62656000006,7.7722255667549485,194.9572459337143,116.74086582857144,642.074762057143
Purwakarta Indorama Unit 1,Purwa37,purwa37,FALSE,107.4137,-6.55392,140,5,120,18,30,2006,none,238664.448,6.370676694061433,159.80102125714285,95.68923428571428,526.2907885714285
Purwakarta Indorama Unit 2,Purwa37,purwa37,FALSE,107.4137,-6.55392,140,5,120,18,30,2006,none,238664.448,6.370676694061433,159.80102125714285,95.68923428571428,526.2907885714285
Adipala Unit 1,Adipa41,adipa41,FALSE,109.1376,-7.68594,210,7.5,120,19.5,660,2015,none,3167256.373238154,84.54366174012583,4904.166591349278,755.5714397785629,6475.628199292088
Cilacap Unit 1,Cilac56,cilac56,FALSE,109.0898,-7.68575,175,6.5,120,18.5,300,2006,none,1727594.3854026294,46.11472458552317,2674.9999589177883,412.1298762428524,3532.160835977502
Cilacap Unit 2,Cilac56,cilac56,FALSE,109.0898,-7.68575,175,6.5,120,18.5,300,2006,none,1727594.3854026294,46.11472458552317,2674.9999589177883,412.1298762428524,3532.160835977502
Cilacap Unit 3,Cilac57,cilac57,FALSE,109.0964,-7.68324,210,7,75,19.5,660,2016,FGD,3167256.373238154,56.362441160083876,3363.3722947857173,755.5714397785629,4533.428638671377
Jawa Tengah Unit 1,JawaT65,jawat65,FALSE,109.8037,-6.90083,260,8.5,120,20,950,2022,none,4558929.628145827,121.69163432290833,8353.229961290119,1087.564951196416,9320.979983829518
Jawa Tengah Unit 2,JawaT65,jawat65,FALSE,109.8037,-6.90083,260,8.5,120,20,950,2022,none,4558929.628145827,121.69163432290833,8353.229961290119,1087.564951196416,9320.979983829518
Jawa-4/Tanjung Jati B Unit 5,Jawa-70,jawa-70,FALSE,110.7424,-6.44649,240,8.2,58,18.9,1000,2022,none,4798873.292785083,128.09645718200883,4900,1346.8296609243546,3640
Jawa-4/Tanjung Jati B Unit 6,Jawa-70,jawa-70,FALSE,110.7424,-6.44649,240,8.2,58,18.9,1000,2022,none,4798873.292785083,128.09645718200883,4900,1346.8296609243546,3640
Jawa-8,Cilac57,cilac57,FALSE,109.0964,-7.68324,270,9,120,20.5,1000,2019,none,4798873.292785083,128.09645718200883,8792.873643463286,1144.8052117857014,9811.557877715286
Rembang Unit 1,Remba108,remba108,FALSE,111.4749,-6.636,175,6,120,18.5,315,2011,none,1670765.6227249112,39.87370784955981,837.3381773509966,398.5729724190744,2036.4064473176238
Rembang Unit 2,Remba108,remba108,FALSE,111.4749,-6.636,175,6,120,18.5,315,2011,none,1670765.6227249112,39.87370784955981,837.3381773509966,398.5729724190744,2036.4064473176238
Tanjung Jati B Unit 1 (leasing),Tanju71,tanju71,FALSE,110.7435,-6.44478,240,8,60,15,660,2006,FGD,3800707.6478857845,67.63492939210066,6095.366236869078,761.9207796086348,2237
Tanjung Jati B Unit 2 (leasing),Tanju71,tanju71,FALSE,110.7435,-6.44478,240,8,60,15,660,2006,FGD,3800707.6478857845,67.63492939210066,6095.366236869078,761.9207796086348,2383
Tanjung Jati B Unit 3 (leasing),Jawa-70,jawa-70,FALSE,110.7423,-6.446,240,8,65,15,660,2011,FGD,3500651.7809474333,62.29532970325061,5614.15311290573,701.7691391132163,1620
Tanjung Jati B Unit 4 (leasing),Jawa-70,jawa-70,FALSE,110.7423,-6.446,240,8,65,15,660,2012,FGD,3500651.7809474333,62.29532970325061,5614.15311290573,701.7691391132163,1528
Pacitan Unit 1,Pacit98,pacit98,FALSE,111.3736,-8.25782,175,6,120,18.5,315,2011,none,1670765.6227249112,50.111757026932494,864.1329990262285,130.02187217906277,3415.971334794032
Pacitan Unit 2,Pacit98,pacit98,FALSE,111.3736,-8.25782,175,6,120,18.5,315,2011,none,1670765.6227249112,50.111757026932494,864.1329990262285,130.02187217906277,3415.971334794032
Paiton Unit 1,Paito100,paito100,FALSE,113.585,-7.7147,200,7.5,75,20.5,400,1994,FGD,2238230.7417764952,45.31081232369189,3465.667168688602,533.9457956135419,3203.6747736812517
Paiton Unit 2,Paito100,paito100,FALSE,113.585,-7.7147,200,7.5,75,20.5,400,1993,FGD,2249471.8559930073,45.53837778737115,3483.072863174203,536.6274430245475,3219.7646581472845
Paiton Unit 3,Paito100,paito100,FALSE,113.5833,-7.71446,220,8.5,75,20.5,825,2012,FGD,3959070.466547692,70.45305145010484,8603.355469747501,2777.836175656481,365
Paiton Unit 5,Paito99,paito99,FALSE,113.5857,-7.7153,220,8,75,21,615,1999,FGD,3541568.4900753903,63.023456933548324,5253.790103028632,709.9716355444097,402
Paiton Unit 6,Paito99,paito99,FALSE,113.5857,-7.7153,220,8,75,21,615,1999,FGD,3541568.4900753903,63.023456933548324,5253.790103028632,709.9716355444097,458
Paiton Unit 7,Paito99,paito99,FALSE,113.5857,-7.7153,220,8.5,32,21,660,2000,FGD,3800707.6478857845,67.63492939210066,4726.75,761.9207796086348,538
Paiton Unit 8,Paito99,paito99,FALSE,113.5857,-7.7153,220,8.5,32,21,660,2000,FGD,3800707.6478857845,67.63492939210066,4726.75,761.9207796086348,538
Paiton Unit 9,Paito101,paito101,FALSE,113.5707,-7.71103,225,7.5,120,20,660,2012,none,3500651.7809474333,93.44299455487591,4056.22562407439,835.1052755447274,364.9199523388725
Tanjung Awar-Awar Unit 1,Tanju132,tanju132,FALSE,111.9955,-6.81052,205,7,120,18.5,350,2012,none,1856406.2474721237,36.38001154274123,1971.3545746949776,595.5893417922377,2044.2960336997755
Tanjung Awar-Awar Unit 2,Tanju132,tanju132,FALSE,111.9955,-6.81052,205,7,120,18,350,2013,none,1856406.2474721237,36.38001154274123,1971.3545746949776,595.5893417922377,2044.2960336997755
Tjiwa Kimia Paper Mill Unit 1,Tjiwa1,tjiwa1,FALSE,112.4688,-7.43684,150,6,120,19.5,35,1992,none,278441.856,7.432456143071671,186.43452480000002,111.63744000000003,614.0059200000002
Tjiwa Kimia Paper Mill Unit 2,Tjiwa1,tjiwa1,FALSE,112.4688,-7.43684,150,5.5,120,19,35,1993,none,278441.856,7.432456143071671,186.43452480000002,111.63744000000003,614.0059200000002
Tjiwa Kimia Paper Mill Unit 3,Tjiwa1,tjiwa1,FALSE,112.4688,-7.43684,150,5.5,120,19,70,1996,none,556883.712,14.864912286143342,372.86904960000004,223.27488000000005,1228.0118400000003
Tjiwa Kimia Paper Mill Unit 4,Tjiwa1,tjiwa1,FALSE,112.4688,-7.43684,140,4.9,120,17,90,2015,none,715993.344,19.112030082184297,479.40306377142855,287.0677028571428,1578.8723657142857
Tanjung Balai Karimun Unit 1,Tanju133,tanju133,FALSE,103.410542026985,1.04533887391639,130,4.6,120,17,7,2014,none,47028.958269293806,1.263469108833036,41.97825623762247,18.855615252940964,103.7058838911753
Tanjung Balai Karimun Unit 2,Tanju133,tanju133,FALSE,103.410542026985,1.04533887391639,130,4.6,120,17,7,2013,none,47028.958269293806,1.263469108833036,41.97825623762247,18.855615252940964,103.7058838911753
Tanjung Kasam Unit 1,Tanju134,tanju134,FALSE,104.1357,1.044137,140,5,75,17,65,2012,FGD,436697.46964344237,11.656777603562801,292.3967193866773,175.08785592016608,80.54041372327639
Tanjung Kasam Unit 2,Tanju134,tanju134,FALSE,104.1357,1.044137,140,5,75,17,65,2012,FGD,436697.46964344237,11.656777603562801,292.3967193866773,175.08785592016608,80.54041372327639
Xinyi Group captive,Xinyi146,xinyi146,TRUE,104.1801,0.86008,260,8.5,120,19,2500,2032,none,15701608.42105263,419.12346671456794,34624.3939849624,3745.7298947368417,34624.3939849624
"Nanshan Industrial Park Phase I, Unit 1",Nansh11,nansh11,FALSE,104.6555,0.917142,130,4.4,120,16,30,2021,none,238664.448,6.370676694061433,159.80102125714285,95.68923428571428,526.2907885714285
"Nanshan Industrial Park Phase I, Unit 2",Nansh11,nansh11,FALSE,104.6555,0.917142,130,4.4,120,16,30,2021,none,238664.448,6.370676694061433,159.80102125714285,95.68923428571428,526.2907885714285
"Nanshan Industrial Park Phase I, Unit 3",Nansh11,nansh11,FALSE,104.6555,0.917142,130,4.3,120,16,30,2022,none,238664.448,6.370676694061433,159.80102125714285,95.68923428571428,526.2907885714285
"Nanshan Industrial Park Phase I, Unit 4",Nansh11,nansh11,FALSE,104.6505,0.911643,130,4.3,120,16,30,2022,none,238664.448,6.370676694061433,159.80102125714285,95.68923428571428,526.2907885714285
"Nanshan Industrial Park Phase I, Unit 5",Nansh11,nansh11,FALSE,104.6505,0.911643,130,4.3,120,16,30,2023,none,238664.448,6.370676694061433,159.80102125714285,95.68923428571428,526.2907885714285
"Nanshan Industrial Park Phase I, Unit 6",Nansh11,nansh11,FALSE,104.6505,0.911643,130,4.3,120,16,30,2023,none,238664.448,6.370676694061433,159.80102125714285,95.68923428571428,526.2907885714285
PT Tianshan Alumina power station,PTTia147,pttia147,TRUE,104.4297,-0.55415,140,4.5,120,15.5,160,2030,none,1004902.9389473685,26.82390186973235,2215.9612150375942,239.7267132631579,2215.9612150375942
Sebalang Unit 1,Sebal113,sebal113,FALSE,105.38720000000001,-5.58594,145,5,75,17,100,2015,FGD,530401.7849920355,14.02782961564559,1169.6152318553607,212.6573148827928,97.8223648460847
Sebalang Unit 2,Sebal113,sebal113,FALSE,105.38720000000001,-5.58594,145,5,75,17,100,2015,FGD,530401.7849920355,14.02782961564559,1169.6152318553607,212.6573148827928,97.8223648460847
Sumbagsel-1 Unit 1,Sumba124,sumba124,FALSE,103.8307,-5.05743,145,4.7,120,16,150,2026,none,795602.677488053,21.237044217017253,1754.4228477830404,189.79665353289258,1754.4228477830404
Sumbagsel-1 Unit 2,Sumba124,sumba124,FALSE,103.8307,-5.05743,145,4.7,120,16,150,2026,none,795602.677488053,21.237044217017253,1754.4228477830404,189.79665353289258,1754.4228477830404
Tarahan Unit 3,Tarah136,tarah136,FALSE,105.3535,-5.52121,150,5.5,75,17.5,100,2008,FGD,575864.7951342099,15.23021501127236,514.0194641341528,230.8850847298894,106.20713897574912
Tarahan Unit 4,Tarah136,tarah136,FALSE,105.3535,-5.52121,150,5.5,75,17.5,100,2007,FGD,575864.7951342099,15.23021501127236,514.0194641341528,230.8850847298894,106.20713897574912
Tembilahan Unit 1,Tembi139,tembi139,FALSE,103.203699465385,-0.298165180934061,130,4.5,120,17,7,2015,none,47028.958269293806,1.2553452803836864,103.7058838911753,18.855615252940964,103.7058838911753
Tembilahan Unit 2,Tembi139,tembi139,FALSE,103.203699465385,-0.298165180934061,130,4.5,120,17,7,2015,none,47028.958269293806,1.2553452803836864,103.7058838911753,18.855615252940964,103.7058838911753
Tenayan Unit 1,Tenay140,tenay140,FALSE,101.5235,0.56437,145,5,75,17,110,2016,FGD,583441.9634912389,6.680940715364791,619.5685806184215,139.18421259078787,835.1052755447272
Tenayan Unit 2,Tenay140,tenay140,FALSE,101.5235,0.56437,145,4.9,75,16.5,110,2017,FGD,583441.9634912389,6.680940715364791,619.5685806184215,139.18421259078787,835.1052755447272
Perawang Mill Unit 04,Peraw17,peraw17,FALSE,101.6191,0.68932,140,5,120,17.5,35,2009,none,278441.856,7.432456143071671,186.43452480000002,111.63744000000003,614.0059200000002
Perawang Mill Unit 06,Peraw17,peraw17,FALSE,101.6191,0.68932,150,5.5,120,18.5,90,2000,none,715993.344,19.112030082184297,479.40306377142855,287.0677028571428,1578.8723657142857
Perawang Mill Unit 07,Peraw17,peraw17,FALSE,101.6191,0.68932,150,5.5,120,18.5,90,2000,none,715993.344,19.112030082184297,479.40306377142855,287.0677028571428,1578.8723657142857
Perawang Mill Unit 08,Peraw17,peraw17,FALSE,101.6191,0.68932,150,5.5,120,18.5,90,2000,none,715993.344,19.112030082184297,479.40306377142855,287.0677028571428,1578.8723657142857
Perawang Mill Unit 09,Peraw17,peraw17,FALSE,101.6191,0.68932,150,5.5,120,17,150,2014,none,942096.5052631578,25.147408002874073,1726.1834237593982,224.7437936842105,1926.1676280721802
Perawang Mill Unit 10,Peraw17,peraw17,FALSE,101.6191,0.68932,150,5.5,120,17,150,2014,none,942096.5052631578,25.147408002874073,1726.1834237593982,224.7437936842105,1926.1676280721802
Perawang Mill Unit 11,Peraw17,peraw17,FALSE,101.6191,0.68932,150,5.5,120,17,150,2014,none,942096.5052631578,25.147408002874073,1726.1834237593982,224.7437936842105,1926.1676280721802
Ombilin Unit 1,Ombil97,ombil97,FALSE,100.7537,-0.60902,155,6,120,19,100,1996,none,575864.7951342099,5.50779862215831,514.0194641341528,230.8850847298894,1269.8679660143916
Ombilin Unit 2,Ombil97,ombil97,FALSE,100.7537,-0.60902,155,6,120,18.5,100,1997,none,575864.7951342099,5.50779862215831,514.0194641341528,230.8850847298894,1269.8679660143916
Teluk Sirih Unit 1,Teluk138,teluk138,FALSE,100.3724,-1.07655,145,5,75,17,112,2013,FGD,594049.9991910796,35.84026077997767,630.8334639023929,141.71483463789312,850.2890078273587
Teluk Sirih Unit 2,Teluk138,teluk138,FALSE,100.3724,-1.07655,145,5,75,17,112,2013,FGD,594049.9991910796,35.84026077997767,630.8334639023929,141.71483463789312,850.2890078273587
MT Sumatra Hybrid Unit 1,MTSum148,mtsum148,TRUE,103.127,-2.618,205,6.5,120,17.5,600,2032,none,2879323.9756710497,76.85787430920529,6349.339830071957,686.8831270714207,6349.339830071957
MT Sumatra Hybrid Unit 2,MTSum148,mtsum148,TRUE,103.127,-2.618,205,6.5,120,17.5,600,2033,none,2879323.9756710497,76.85787430920529,6349.339830071957,686.8831270714207,6349.339830071957
Banjarsari Unit 1,Banja49,banja49,FALSE,103.6904,-3.72507,145,5,75,17,110,2015,FGD,583441.9634912389,19.467290532265814,1069.0283219157993,139.18421259078787,835.1052755447272
Banjarsari Unit 2,Banja49,banja49,FALSE,103.6904,-3.72507,145,5,75,17,110,2015,FGD,583441.9634912389,19.467290532265814,1069.0283219157993,139.18421259078787,835.1052755447272
Bukit Asam Unit 1,Bukit54,bukit54,FALSE,103.7975,-3.73213,155,6,120,20,65,1987,none,436697.46964344237,4.6591377785357455,389.7980936350657,175.08785592016608,962.9832075609133
Bukit Asam Unit 2,Bukit54,bukit54,FALSE,103.7975,-3.73213,155,6,120,20,65,1987,none,436697.46964344237,4.6591377785357455,389.7980936350657,175.08785592016608,962.9832075609133
Bukit Asam Unit 3,Bukit54,bukit54,FALSE,103.7975,-3.73213,150,6,120,19,65,1994,none,436697.46964344237,4.6591377785357455,389.7980936350657,175.08785592016608,962.9832075609133
Bukit Asam Unit 4,Bukit54,bukit54,FALSE,103.7975,-3.73213,150,6,120,19,65,1994,none,436697.46964344237,4.6591377785357455,389.7980936350657,175.08785592016608,962.9832075609133
Keban Agung Unit 1,Keban79,keban79,FALSE,103.6481,-3.75149,80,4.1,75,17,135,2015,FGD,716042.4097392476,23.891674744144407,1311.9893041693902,170.8169881796033,1024.9019290776198
Keban Agung Unit 2,Keban79,keban79,FALSE,103.6481,-3.75149,80,4.1,75,17,135,2015,FGD,716042.4097392476,23.891674744144407,1311.9893041693902,170.8169881796033,1024.9019290776198
Simpang Belimbing Unit 1,Simpa114,simpa114,FALSE,104.1186,-3.40138,150,5.5,75,17.5,150,2013,FGD,795602.677488053,26.546305271271564,1457.7658935215447,189.79665353289258,1138.7799211973554
Simpang Belimbing Unit 2,Simpa114,simpa114,FALSE,104.1186,-3.40138,150,5.5,75,17.5,150,2013,FGD,795602.677488053,26.546305271271564,1457.7658935215447,189.79665353289258,1138.7799211973554
Sumsel-1 Unit 1,Sumse126,sumse126,FALSE,103.9992,-3.47667,165,5.5,120,16.5,300,2025,none,1591205.354976106,53.09261054254313,3508.845695566081,379.59330706578515,3508.845695566081
Sumsel-1 Unit 2,Sumse126,sumse126,FALSE,103.9992,-3.47667,165,5.5,120,16.5,300,2025,none,1591205.354976106,53.09261054254313,3508.845695566081,379.59330706578515,3508.845695566081
Sumsel-5 Unit 1,Sumse127,sumse127,FALSE,103.7553,-2.15625,150,5,75,17,150,2016,FGD,795602.677488053,26.546305271271564,844.8662462978475,189.79665353289258,1138.7799211973554
Sumsel-5 Unit 2,Sumse127,sumse127,FALSE,103.7553,-2.15625,150,5,75,17,150,2016,FGD,795602.677488053,26.546305271271564,844.8662462978475,189.79665353289258,1138.7799211973554
Sumsel-8 Unit 1,Sumse128,sumse128,FALSE,103.8041,-3.83868,215,7,120,18.5,660,2023,none,3167256.373238154,105.67957717515728,5803.296604685768,755.5714397785629,6475.628199292088
Sumsel-8 Unit 2,Sumse128,sumse128,FALSE,103.8041,-3.83868,215,7,120,18.5,660,2023,none,3167256.373238154,105.67957717515728,5803.296604685768,755.5714397785629,6475.628199292088
Labuhan Angin Unit 1,Labuh85,labuh85,FALSE,98.73129,1.75185,150,5.5,75,17.5,115,2008,FGD,662244.5144043412,17.4334653488862,1025.4166509184854,157.98311922642677,947.8987153585605
Labuhan Angin Unit 2,Labuh85,labuh85,FALSE,98.73129,1.75185,150,5.5,75,17.5,115,2008,FGD,662244.5144043412,17.4334653488862,1025.4166509184854,157.98311922642677,947.8987153585605
Pangkalan Susu Unit 1,Pangk103,pangk103,FALSE,98.25823,4.12071,185,1.5,120,17.5,220,2015,none,1166883.9269824778,31.147664851625294,1806.7982178655234,278.36842518157573,2385.7577576339268
Pangkalan Susu Unit 2,Pangk103,pangk103,FALSE,98.25823,4.12071,185,1.5,120,17.5,220,2014,none,1166883.9269824778,31.147664851625294,1806.7982178655234,278.36842518157573,2385.7577576339268
Pangkalan Susu Unit 3,Pangk103,pangk103,FALSE,98.25823,4.12071,155,5,120,17,200,2019,none,1060803.569984071,28.316058956023,1943.6878580287266,253.06220471052347,2168.8706887581156
Pangkalan Susu Unit 4,Pangk103,pangk103,FALSE,98.25823,4.12071,155,5,120,17,200,2019,none,1060803.569984071,28.316058956023,1943.6878580287266,253.06220471052347,2168.8706887581156
Sumut-1 Unit 1,Sumut129,sumut129,FALSE,98.63694,3.78025,140,4.6,120,15.5,150,2028,none,795602.677488053,21.237044217017253,1754.4228477830404,189.79665353289258,1754.4228477830404
Sumut-1 Unit 2,Sumut129,sumut129,FALSE,98.63694,3.78025,140,4.6,120,15.5,150,2028,none,795602.677488053,21.237044217017253,1754.4228477830404,189.79665353289258,1754.4228477830404
Medan Steel Mill Power Plant Unit 1,Medan23,medan23,FALSE,98.66539,3.667568,130,4.6,120,16.5,30,2017,none,238664.448,6.370676694061433,159.80102125714285,95.68923428571428,526.2907885714285
Medan Steel Mill Power Plant Unit 2,Medan23,medan23,FALSE,98.66539,3.667568,130,4.6,120,16.5,30,2017,none,238664.448,6.370676694061433,159.80102125714285,95.68923428571428,526.2907885714285
Bengkayang Unit 1,Bengk29,bengk29,FALSE,108.873503838638,0.836086614110765,135,4.6,120,16.5,50,2018,none,335921.13049495575,8.966752002740618,224.92055337436722,134.68296609243546,740.756313508395
Bengkayang Unit 2,Bengk29,bengk29,FALSE,108.873503838638,0.836086614110765,135,4.6,120,16.5,50,2019,none,335921.13049495575,8.966752002740618,224.92055337436722,134.68296609243546,740.756313508395
Kalbar-1 Unit 1,Kalba75,kalba75,FALSE,108.8461,0.816152,140,4.7,75,16,100,2021,FGD,530401.7849920355,14.1580294780115,355.13771585426406,212.6573148827928,97.8223648460847
Kalbar-1 Unit 2,Kalba75,kalba75,FALSE,108.8461,0.816152,140,4.7,75,16.5,100,2020,FGD,530401.7849920355,14.1580294780115,355.13771585426406,212.6573148827928,97.8223648460847
Kalselteng-4 Hybrid Unit 1,Kalse149,kalse149,TRUE,108.972598,1.034129,130,4.2,120,15,100,2032,none,530401.7849920355,14.1580294780115,1169.6152318553607,212.6573148827928,1169.6152318553607
Kalselteng-4 Hybrid Unit 2,Kalse149,kalse149,TRUE,108.972598,1.034129,130,4.2,120,15,100,2032,none,530401.7849920355,14.1580294780115,355.13771585426406,212.6573148827928,1169.6152318553607
Ketapang Unit 1,Ketap81,ketap81,FALSE,109.942674620394,-1.7800852316946,130,4.5,75,16.5,10,2016,FGD,67184.22609899114,1.9362809161231445,59.96893748231781,26.93659321848709,12.39083288050406
Ketapang Unit 2,Ketap81,ketap81,FALSE,109.942674620394,-1.7800852316946,130,4.5,75,16.5,10,2016,FGD,67184.22609899114,1.9362809161231445,148.15126270167897,26.93659321848709,12.39083288050406
Pantai Kura-Kura Unit 1,Panta104,panta104,FALSE,108.8640941,0.829654198,120,3.9,75,15,27.5,2031,FGD,184756.62177222563,4.931713601507339,407.41597242961717,74.07563135083947,407.41597242961717
Pantai Kura-Kura Unit 2,Panta104,panta104,FALSE,108.8640941,0.829654198,120,3.9,75,15,27.5,2031,FGD,184756.62177222563,4.931713601507339,407.41597242961717,74.07563135083947,407.41597242961717
Parit Baru Unit 1,Parit105,parit105,FALSE,109.2036,0.05798,125,4,75,15,50,2030,FGD,335921.13049495575,8.966752002740618,740.756313508395,134.68296609243546,740.756313508395
Parit Baru Unit 2,Parit105,parit105,FALSE,109.2036,0.05798,125,4,75,15,50,2030,FGD,335921.13049495575,8.966752002740618,740.756313508395,134.68296609243546,740.756313508395
Sanggau Unit 1,Sangg112,sangg112,FALSE,110.555541297939,0.0307096650128428,130,4.6,75,17,7,2014,FGD,47028.958269293806,1.2553452803836864,103.7058838911753,18.855615252940964,8.673583016352845
Sanggau Unit 2,Sangg112,sangg112,FALSE,110.555541297939,0.0307096650128428,130,4.6,75,17,7,2014,FGD,47028.958269293806,1.2553452803836864,103.7058838911753,18.855615252940964,8.673583016352845
Sintang Unit 1,Sinta115,sinta115,FALSE,111.433994213283,0.0742565935846098,130,4.4,75,16.5,7,2018,FGD,47028.958269293806,1.2553452803836864,103.7058838911753,18.855615252940964,8.673583016352845
Sintang Unit 2,Sinta115,sinta115,FALSE,111.433994213283,0.0742565935846098,130,4.4,75,16.5,7,2018,FGD,47028.958269293806,1.2553452803836864,103.7058838911753,18.855615252940964,8.673583016352845
Sintang Unit 3,Sinta115,sinta115,FALSE,111.433994213283,0.0742565935846098,130,4.4,75,16.5,7,2018,FGD,47028.958269293806,1.2553452803836864,103.7058838911753,18.855615252940964,8.673583016352845
"Ketapang Smelter Phase I, Unit 1",Ketap22,ketap22,FALSE,110.1573,-2.36618,130,4.6,120,16.5,25,2016,none,198887.04,5.3088972450511935,133.1675177142857,79.74102857142857,438.57565714285715
"Ketapang Smelter Phase I, Unit 2",Ketap22,ketap22,FALSE,110.1573,-2.36618,130,4.6,120,16.5,25,2016,none,198887.04,5.3088972450511935,133.1675177142857,79.74102857142857,438.57565714285715
"Ketapang Smelter Phase I, Unit 3",Ketap22,ketap22,FALSE,110.1573,-2.36618,130,4.6,120,16.5,30,2016,none,238664.448,6.370676694061433,159.80102125714285,95.68923428571428,526.2907885714285
"Ketapang Smelter Phase II, Unit 1",Ketap22,ketap22,FALSE,110.1573,-2.36618,135,4.6,120,16,80,2021,none,636438.528,16.98847118416382,426.1360566857142,255.1712914285714,1403.4421028571428
"Ketapang Smelter Phase II, Unit 2",Ketap22,ketap22,FALSE,110.1573,-2.36618,135,4.6,120,16,80,2021,none,636438.528,16.98847118416382,426.1360566857142,255.1712914285714,1403.4421028571428
"Ketapang Smelter Phase II, Unit 3",Ketap22,ketap22,FALSE,110.1573,-2.36618,130,4.4,120,16,30,2021,none,238664.448,6.370676694061433,159.80102125714285,95.68923428571428,526.2907885714285
Asam-asam Unit 1,Asam-46,asam-46,FALSE,115.1058,-3.92653,140,4.9,120,17,65,2013,none,436697.46964344237,12.38731134983513,389.7980936350657,297.6493550642823,1481.6984895099972
Asam-asam Unit 2,Asam-46,asam-46,FALSE,115.1058,-3.92653,140,4.9,120,17,65,2013,none,436697.46964344237,12.38731134983513,389.7980936350657,297.6493550642823,1481.6984895099972
Asam-Asam Unit 3,Asam-46,asam-46,FALSE,115.1058,-3.92653,150,5.5,120,18.5,65,2000,none,436697.46964344237,12.38731134983513,389.7980936350657,297.6493550642823,1481.6984895099972
Asam-Asam Unit 4,Asam-46,asam-46,FALSE,115.1058,-3.92653,150,5.5,120,18.5,65,2000,none,436697.46964344237,12.38731134983513,389.7980936350657,297.6493550642823,1481.6984895099972
Kalsel Unit 1,Kalse40,kalse40,FALSE,115.4408,-2.16343,140,4.8,75,16.5,100,2019,FGD,530401.7849920355,14.1580294780115,355.13771585426406,212.6573148827928,97.8223648460847
Kalsel Unit 2,Kalse40,kalse40,FALSE,115.4408,-2.16343,140,4.8,75,16.5,100,2019,FGD,530401.7849920355,14.1580294780115,355.13771585426406,212.6573148827928,97.8223648460847
Kalselteng-2 Unit 1,Asam-46,asam-46,FALSE,115.1058,-3.92653,135,4.5,120,16,100,2024,none,530401.7849920355,14.1580294780115,1169.6152318553607,212.6573148827928,1169.6152318553607
Kalselteng-2 Unit 2,Asam-46,asam-46,FALSE,115.1058,-3.92653,135,4.5,120,15.5,100,2025,none,530401.7849920355,14.1580294780115,1169.6152318553607,212.6573148827928,1169.6152318553607
Kotabaru Unit 1,Kotab82,kotab82,FALSE,116.2566572,-3.212690038,120,3.8,120,15,7,2031,none,47028.958269293806,1.2553452803836864,103.7058838911753,18.855615252940964,103.7058838911753
Kotabaru Unit 2,Kotab82,kotab82,FALSE,116.2566572,-3.212690038,120,3.8,120,15,7,2031,none,47028.958269293806,1.2553452803836864,103.7058838911753,18.855615252940964,103.7058838911753
Tabalong Wisesa Unit 1,Tabal39,tabal39,FALSE,115.4459,-2.15859,135,4.7,120,17,30,2013,none,238664.448,6.370676694061433,159.80102125714285,95.68923428571428,526.2907885714285
Tabalong Wisesa Unit 2,Tabal39,tabal39,FALSE,115.4459,-2.15859,135,4.7,120,17,30,2013,none,238664.448,6.370676694061433,159.80102125714285,95.68923428571428,526.2907885714285
Kalselteng-1 Unit 1,Kalse76,kalse76,FALSE,113.5672,-1.3708,140,4.7,75,16.5,100,2020,FGD,530401.7849920355,14.1580294780115,355.13771585426406,212.6573148827928,97.8223648460847
Kalselteng-1 Unit 2,Kalse76,kalse76,FALSE,113.5672,-1.3708,140,4.7,75,16.5,100,2020,FGD,530401.7849920355,14.1580294780115,355.13771585426406,212.6573148827928,97.8223648460847
Kalselteng-3 Unit 1,Kalse150,kalse150,TRUE,111.6430664,-2.8086279,130,4.2,120,15,100,2032,none,530401.7849920355,14.1580294780115,1169.6152318553607,212.6573148827928,1169.6152318553607
Kalselteng-3 Unit 2,Kalse150,kalse150,TRUE,111.6430664,-2.8086279,130,4.2,120,15,100,2032,none,530401.7849920355,14.1580294780115,1169.6152318553607,212.6573148827928,1169.6152318553607
Pulang Pisau Unit 1,Pulan107,pulan107,FALSE,114.2088,-2.82265,135,4.8,75,17,60,2015,FGD,403105.35659394687,10.76010240328874,888.9075762100739,161.6195593109225,74.34499728302437
Pulang Pisau Unit 2,Pulan107,pulan107,FALSE,114.2088,-2.82265,135,4.8,75,17,60,2015,FGD,403105.35659394687,10.76010240328874,888.9075762100739,161.6195593109225,74.34499728302437
Sampit Unit 1,Sampi111,sampi111,FALSE,112.9063553,-2.762279094,120,3.9,75,15,25,2031,FGD,167960.56524747788,4.483376001370309,370.3781567541975,67.34148304621773,370.3781567541975
Sampit Unit 2,Sampi111,sampi111,FALSE,112.9063553,-2.762279094,120,3.9,75,15,25,2031,FGD,167960.56524747788,4.483376001370309,370.3781567541975,67.34148304621773,370.3781567541975
Berau Unit 1,Berau52,berau52,FALSE,117.392290533605,2.15671610349533,125,4.3,120,16.5,7,2020,none,47028.958269293806,1.2553452803836864,103.7058838911753,18.855615252940964,103.7058838911753
Berau Unit 2,Berau52,berau52,FALSE,117.392290533605,2.15671610349533,125,4.4,120,16.5,7,2019,none,47028.958269293806,1.2553452803836864,103.7058838911753,18.855615252940964,103.7058838911753
Embalut Unit 1,Atamb47,atamb47,FALSE,117.0624625,-0.3730972,135,5,120,17.5,25,2008,none,167960.56524747788,4.483376001370309,112.46027668718361,67.34148304621773,370.3781567541975
Embalut Unit 2,Atamb47,atamb47,FALSE,117.0624625,-0.3730972,135,5,120,17.5,25,2008,none,167960.56524747788,4.483376001370309,112.46027668718361,67.34148304621773,370.3781567541975
Embalut Unit 3,Atamb47,atamb47,FALSE,117.0625,-0.3731,140,4.8,75,17,60,2014,FGD,403105.35659394687,10.76010240328874,269.90466404924064,161.6195593109225,74.34499728302437
Kaltim (MT) Unit 1,Kalti77,kalti77,FALSE,117.188860219429,-0.778602635668899,130,4.5,75,16.5,27.5,2018,FGD,184756.62177222563,6.164642001884173,123.70630435590193,74.07563135083947,34.07479042138616
Kaltim (MT) Unit 2,Kalti77,kalti77,FALSE,117.188860219429,-0.778602635668899,130,4.5,75,16.5,27.5,2018,FGD,184756.62177222563,6.164642001884173,123.70630435590193,74.07563135083947,34.07479042138616
Kaltim Unit 1,Kalti78,kalti78,FALSE,117.4946,0.055179,59.8,5.28,108.5,10.18,100,2019,FGD,530401.7849920355,14.1580294780115,597.5670548206479,212.6573148827928,65.92376761366577
Kaltim Unit 2,Kalti78,kalti78,FALSE,117.4946,0.055179,59.8,5.28,108.5,10.18,100,2020,FGD,530401.7849920355,14.1580294780115,597.5670548206479,212.6573148827928,65.92376761366577
Kaltim-4 Unit 1,Embal48,embal48,FALSE,117.065,-0.36501,140,4.7,75,16.5,100,2020,FGD,530401.7849920355,14.1580294780115,355.13771585426406,212.6573148827928,97.8223648460847
Kaltim-4 Unit 2,Embal48,embal48,FALSE,117.065,-0.36501,140,4.7,75,16.5,100,2020,FGD,530401.7849920355,14.1580294780115,355.13771585426406,212.6573148827928,97.8223648460847
Lati Unit 1,Lati86,lati86,FALSE,117.619130649721,2.21499493228709,135,5,120,18,7,2004,none,47028.958269293806,1.2553452803836864,31.48887747241141,18.855615252940964,103.7058838911753
Lati Unit 2,Lati86,lati86,FALSE,117.619130649721,2.21499493228709,135,5,120,18,7,2004,none,47028.958269293806,1.2553452803836864,31.48887747241141,18.855615252940964,103.7058838911753
Lati Unit 3,Lati86,lati86,FALSE,117.619130649721,2.21499493228709,135,5,120,18,7,2004,none,47028.958269293806,1.2553452803836864,31.48887747241141,18.855615252940964,103.7058838911753
Malinau Unit 1,Malin90,malin90,FALSE,116.6716917,3.636315337,125,4.3,120,16,3,2021,none,20155.267829697343,0.5380051201644371,13.495233202462032,8.080977965546126,44.4453788105037
Malinau Unit 2,Malin90,malin90,FALSE,116.6716917,3.636315337,125,4.3,120,16,3,2021,none,20155.267829697343,0.5380051201644371,13.495233202462032,8.080977965546126,44.4453788105037
Tanah Grogot Unit 1,Tanah131,tanah131,FALSE,116.1932741,-1.816346762,120,3.8,120,15,7,2030,none,47028.958269293806,1.2553452803836864,103.7058838911753,18.855615252940964,103.7058838911753
Tanah Grogot Unit 2,Tanah131,tanah131,FALSE,116.1932741,-1.816346762,120,3.8,120,15,7,2030,none,47028.958269293806,1.2553452803836864,103.7058838911753,18.855615252940964,103.7058838911753
Tanjung Selor Unit 1,Tanju135,tanju135,FALSE,117.3675432,2.813762563,120,3.8,120,15,7,2030,none,47028.958269293806,1.2553452803836864,103.7058838911753,18.855615252940964,103.7058838911753
Tanjung Selor Unit 2,Tanju135,tanju135,FALSE,117.3675432,2.813762563,120,3.8,120,15,7,2030,none,47028.958269293806,1.2553452803836864,103.7058838911753,18.855615252940964,103.7058838911753
Teluk Balikpapan Unit 1,Teluk137,teluk137,FALSE,116.7887,-1.17036,145,4.9,75,16.5,110,2017,FGD,583441.9634912389,22.997394578375587,619.5685806184215,139.18421259078787,835.1052755447272
Teluk Balikpapan Unit 2,Teluk137,teluk137,FALSE,116.7887,-1.17036,145,4.9,75,16.5,110,2017,FGD,583441.9634912389,22.997394578375587,619.5685806184215,139.18421259078787,835.1052755447272
Atambua Unit 1,Atamb47,atamb47,FALSE,117.0624625,-0.3730972,120,3.8,120,15,6,2031,none,40310.535659394685,1.0760102403288743,88.8907576210074,16.16195593109225,88.8907576210074
Atambua Unit 2,Atamb47,atamb47,FALSE,117.0624625,-0.3730972,120,3.8,120,15,6,2031,none,40310.535659394685,1.0760102403288743,88.8907576210074,16.16195593109225,88.8907576210074
Atambua Unit 3,Atamb47,atamb47,FALSE,117.0624625,-0.3730972,120,3.8,120,15,6,2031,none,40310.535659394685,1.0760102403288743,88.8907576210074,16.16195593109225,88.8907576210074
Atambua Unit 4,Atamb47,atamb47,FALSE,117.0624625,-0.3730972,120,3.8,120,15,6,2031,none,40310.535659394685,1.0760102403288743,88.8907576210074,16.16195593109225,88.8907576210074
Adaro Aluminum Smelter Phase II,Adaro20,adaro20,FALSE,117.858,2.528,265,8.5,120,20,1100,2026,none,6908707.705263156,184.41432535440984,15234.733353383457,1648.1211536842102,15234.733353383457
Adaro Aluminum Smelter Phase I,Adaro20,adaro20,FALSE,117.858,2.528,265,8.5,120,20,1100,2025,none,6908707.705263156,184.41432535440984,15234.733353383457,1648.1211536842102,15234.733353383457
Sofifi Unit 1,Sofif116,sofif116,FALSE,127.541292344178,0.649669378487927,125,4.1,120,15.5,3,2025,none,20155.267829697343,0.5380051201644371,44.4453788105037,8.080977965546126,44.4453788105037
Sofifi Unit 2,Sofif116,sofif116,FALSE,127.541292344178,0.649669378487927,125,4.1,120,15.5,3,2025,none,20155.267829697343,0.5380051201644371,44.4453788105037,8.080977965546126,44.4453788105037
Tidore Unit 1,Tidor141,tidor141,FALSE,127.388663854389,0.739080014226665,40,3,26.85,16.5,7,2016,none,47028.958269293806,1.2292635153620908,103.7058838911753,18.855615252940964,103.7058838911753
Tidore Unit 2,Tidor141,tidor141,FALSE,127.388663854389,0.739080014226665,40,3,26.85,16.5,7,2016,none,47028.958269293806,1.2292635153620908,103.7058838911753,18.855615252940964,103.7058838911753
Xinxing Ductile Iron Pipes Co Captive Unit 4,Xinxi6,xinxi6,FALSE,127.419,-1.53051,135,4.7,120,16.5,65,2017,none,517106.30399999995,13.803132837133106,346.23554605714287,207.3266742857143,1140.2967085714288
"PT Halmahera Persada Lygend Nickel Smelter Phase I, Unit 3",Xinxi6,xinxi6,FALSE,127.416,-1.53615,130,4.4,120,16,60,2023,none,477328.896,12.741353388122866,319.6020425142857,191.37846857142856,1052.581577142857
"PT Halmahera Persada Lygend Nickel Smelter Phase II, Unit 1",PTHal13,pthal13,FALSE,127.421,-1.56143,145,4.8,120,16,150,2023,none,942096.5052631578,25.147408002874073,1726.1834237593982,224.7437936842105,1926.1676280721802
"PT Halmahera Persada Lygend Nickel Smelter Phase II, Unit 4",PTHal13,pthal13,FALSE,127.421,-1.56143,145,4.8,120,16,150,2023,none,942096.5052631578,25.147408002874073,1726.1834237593982,224.7437936842105,1926.1676280721802
"PT Halmahera Persada Lygend Nickel Smelter Phase III, Unit 5",PTHal13,pthal13,FALSE,127.421,-1.56143,175,6,120,17,380,2024,none,2386644.48,63.70676694061434,5262.907885714285,569.350944,5262.907885714285
"PT Halmahera Persada Lygend Nickel Smelter Phase III, Unit 6",PTHal13,pthal13,FALSE,127.421,-1.56143,175,6,120,17,380,2025,none,2386644.48,63.70676694061434,5262.907885714285,569.350944,5262.907885714285
"PT Halmahera Persada Lygend Nickel Smelter Phase III, Unit 7",PTHal13,pthal13,FALSE,127.421,-1.56143,175,5.5,120,17,380,2026,none,2386644.48,63.70676694061434,5262.907885714285,569.350944,5262.907885714285
Weda Bay Unit 12,WedaB5,wedab5,FALSE,128.0081,0.476161,175,6,120,17,380,2024,none,2159345.0057142857,57.63945580341297,4761.678563265306,515.1270445714285,4761.678563265306
Weda Bay Unit 13,WedaB5,wedab5,FALSE,128.0081,0.476161,175,6,120,17,380,2024,none,2159345.0057142857,57.63945580341297,4761.678563265306,515.1270445714285,4761.678563265306
Weda Bay Unit 14,WedaB5,wedab5,FALSE,128.0081,0.476161,175,6,120,17,380,2025,none,2159345.0057142857,57.63945580341297,4761.678563265306,515.1270445714285,4761.678563265306
Jinchuan Group WP&RKA Unit 1,PTHal13,pthal13,FALSE,127.4159,-1.56606,135,4.6,120,16.5,50,2019,none,397774.08,10.617794490102387,266.3350354285714,159.48205714285714,877.1513142857143
Jinchuan Group WP&RKA Unit 2,PTHal13,pthal13,FALSE,127.4159,-1.56606,135,4.6,120,16.5,50,2019,none,397774.08,10.617794490102387,266.3350354285714,159.48205714285714,877.1513142857143
Jinchuan Group WP&RKA Unit 3,PTHal13,pthal13,FALSE,127.4159,-1.56606,135,4.6,120,16.5,50,2019,none,397774.08,10.617794490102387,266.3350354285714,159.48205714285714,877.1513142857143
"PT Halmahera Persada Lygend Nickel Smelter Phase I, Unit 1",Xinxi6,xinxi6,FALSE,127.416,-1.53615,130,4.4,120,16.5,30,2020,none,238664.448,6.370676694061433,159.80102125714285,95.68923428571428,526.2907885714285
"PT Halmahera Persada Lygend Nickel Smelter Phase I, Unit 2",Xinxi6,xinxi6,FALSE,127.416,-1.53615,130,4.4,120,16,30,2021,none,238664.448,6.370676694061433,159.80102125714285,95.68923428571428,526.2907885714285
"PT Halmahera Persada Lygend Nickel Smelter Phase II, Unit 2",PTHal13,pthal13,FALSE,127.421,-1.56143,145,4.9,120,16.5,150,2022,none,942096.5052631578,25.147408002874073,1726.1834237593982,224.7437936842105,1926.1676280721802
"PT Halmahera Persada Lygend Nickel Smelter Phase II, Unit 3",PTHal13,pthal13,FALSE,127.421,-1.56143,145,4.8,120,16,150,2023,none,942096.5052631578,25.147408002874073,1726.1834237593982,224.7437936842105,1926.1676280721802
Weda Bay Unit 1,WedaB4,wedab4,FALSE,127.9842,0.478894,160,5.5,120,17,250,2020,none,1420621.714285714,37.92069460750853,2602.9750040816325,338.8993714285714,2904.5384867755097
Weda Bay Unit 10,WedaB5,wedab5,FALSE,128.0081,0.476161,175,6,120,17.5,380,2023,none,2159345.0057142857,57.63945580341297,3956.5220062040817,515.1270445714285,4414.898499898775
Weda Bay Unit 11,WedaB5,wedab5,FALSE,128.0081,0.476161,175,6,120,17.5,380,2023,none,2159345.0057142857,57.63945580341297,3956.5220062040817,515.1270445714285,4414.898499898775
Weda Bay Unit 2,WedaB4,wedab4,FALSE,127.9842,0.478894,160,5.5,120,17,250,2020,none,1420621.714285714,37.92069460750853,2602.9750040816325,338.8993714285714,2904.5384867755097
Weda Bay Unit 3,WedaB4,wedab4,FALSE,127.9842,0.478894,160,5.5,120,17,250,2021,none,1420621.714285714,37.92069460750853,2602.9750040816325,338.8993714285714,2904.5384867755097
Weda Bay Unit 4,WedaB4,wedab4,FALSE,127.9842,0.478894,160,5.5,120,17,250,2021,none,1420621.714285714,37.92069460750853,2602.9750040816325,338.8993714285714,2904.5384867755097
Weda Bay Unit 5,WedaB4,wedab4,FALSE,127.9842,0.478894,160,5.5,120,17,250,2022,none,1420621.714285714,37.92069460750853,2602.9750040816325,338.8993714285714,2904.5384867755097
Weda Bay Unit 6,WedaB4,wedab4,FALSE,127.9842,0.478894,160,5.5,120,17,250,2022,none,1420621.714285714,37.92069460750853,2602.9750040816325,338.8993714285714,2904.5384867755097
Weda Bay Unit 7,WedaB4,wedab4,FALSE,127.9842,0.478894,180,6,120,17.5,380,2022,none,2159345.0057142857,57.63945580341297,3956.5220062040817,515.1270445714285,4414.898499898775
Weda Bay Unit 8,WedaB4,wedab4,FALSE,127.9842,0.478894,180,6,120,17.5,380,2022,none,2159345.0057142857,57.63945580341297,3956.5220062040817,515.1270445714285,4414.898499898775
Weda Bay Unit 9,WedaB4,wedab4,FALSE,127.9842,0.478894,175,6,120,17.5,380,2023,none,2159345.0057142857,57.63945580341297,3956.5220062040817,515.1270445714285,4414.898499898775
Xinxing Ductile Iron Pipes Co Captive Unit 1,Xinxi6,xinxi6,FALSE,127.419,-1.53051,135,4.6,120,16.5,38,2017,none,302308.3008,8.069523812477817,202.4146269257143,121.20636342857144,666.6349988571429
Xinxing Ductile Iron Pipes Co Captive Unit 2,Xinxi6,xinxi6,FALSE,127.419,-1.53051,135,4.6,120,16.5,38,2017,none,302308.3008,8.069523812477817,202.4146269257143,121.20636342857144,666.6349988571429
Xinxing Ductile Iron Pipes Co Captive Unit 3,Xinxi6,xinxi6,FALSE,127.419,-1.53051,135,4.6,120,16.5,38,2017,none,302308.3008,8.069523812477817,202.4146269257143,121.20636342857144,666.6349988571429
"PT Halmahera Persada Lygend Nickel Smelter Phase III, Unit 8",PTHal13,pthal13,FALSE,127.421,-1.56143,175,5.5,120,17,380,2026,none,2386644.48,63.70676694061434,5262.907885714285,569.350944,5262.907885714285
Jeranjang Unit 1,Jeran74,jeran74,FALSE,116.073127146034,-8.65876156358167,135,4.7,75,17,25,2014,FGD,167960.56524747788,5.924897440502996,149.92234370579453,67.34148304621773,30.977082201260156
Jeranjang Unit 2,Jeran74,jeran74,FALSE,116.073127146034,-8.65876156358167,135,4.7,75,17,25,2014,FGD,167960.56524747788,5.924897440502996,149.92234370579453,67.34148304621773,30.977082201260156
Jeranjang Unit 3,Jeran74,jeran74,FALSE,116.073127146034,-8.65876156358167,135,4.7,75,17,25,2014,FGD,167960.56524747788,5.924897440502996,149.92234370579453,67.34148304621773,30.977082201260156
Lombok Timur Unit 1,Lombo87,lombo87,FALSE,116.705070628944,-8.4349474655626,130,4.5,75,16.5,25,2017,FGD,167960.56524747788,4.483376001370309,112.46027668718361,67.34148304621773,30.977082201260156
Lombok Timur Unit 2,Lombo87,lombo87,FALSE,116.705070628944,-8.4349474655626,130,4.5,75,16.5,25,2017,FGD,167960.56524747788,4.483376001370309,112.46027668718361,67.34148304621773,30.977082201260156
Lombok Unit 1,Lombo88,lombo88,FALSE,116.7096,-8.42206,200,4.2,75,15.5,50,2026,FGD,335921.13049495575,8.966752002740618,740.756313508395,134.68296609243546,740.756313508395
Lombok Unit 2,Lombo88,lombo88,FALSE,116.7096,-8.42206,200,4.2,75,15.5,50,2026,FGD,335921.13049495575,8.966752002740618,740.756313508395,134.68296609243546,740.756313508395
Sumbawa Barat Unit 1,Sumba125,sumba125,FALSE,116.776891598511,-8.74209553113602,125,4.4,120,16.5,7,2019,none,47028.958269293806,1.2553452803836864,103.7058838911753,18.855615252940964,103.7058838911753
Sumbawa Barat Unit 2,Sumba125,sumba125,FALSE,116.776891598511,-8.74209553113602,125,4.4,120,16.5,7,2019,none,47028.958269293806,1.2553452803836864,103.7058838911753,18.855615252940964,103.7058838911753
Amman Mineral Unit 1,BatuH28,batuh28,FALSE,116.7393,-8.90122,145,5.5,120,18.5,28,2000,none,222753.48479999998,5.945964914457337,149.14761984,89.309952,491.204736
Amman Mineral Unit 2,BatuH28,batuh28,FALSE,116.7393,-8.90122,145,5.5,120,18.5,28,2000,none,222753.48479999998,5.945964914457337,149.14761984,89.309952,491.204736
Amman Mineral Unit 3,BatuH28,batuh28,FALSE,116.7393,-8.90122,145,5.5,120,18.5,28,2000,none,222753.48479999998,5.945964914457337,149.14761984,89.309952,491.204736
Amman Mineral Unit 4,BatuH28,batuh28,FALSE,116.7393,-8.90122,145,5.5,120,18.5,28,2000,none,222753.48479999998,5.945964914457337,149.14761984,89.309952,491.204736
Batu Hijau Unit 1,BatuH28,batuh28,FALSE,116.7382,-8.90117,145,5.5,120,18.5,31,1999,none,246619.9296,6.5830325838634804,165.1277219657143,98.87887542857143,543.8338148571428
Batu Hijau Unit 2,BatuH28,batuh28,FALSE,116.7382,-8.90117,145,5.5,120,18.5,31,1999,none,246619.9296,6.5830325838634804,165.1277219657143,98.87887542857143,543.8338148571428
Batu Hijau Unit 3,BatuH28,batuh28,FALSE,116.7382,-8.90117,145,5.5,120,18.5,31,1999,none,246619.9296,6.5830325838634804,165.1277219657143,98.87887542857143,543.8338148571428
Batu Hijau Unit 4,BatuH28,batuh28,FALSE,116.7382,-8.90117,145,5.5,120,18.5,31,1999,none,246619.9296,6.5830325838634804,165.1277219657143,98.87887542857143,543.8338148571428
Kupang Baru Unit 1,Kupan83,kupan83,FALSE,123.490161176501,-10.2390141934549,125,4.1,120,15.5,15,2025,none,100776.33914848672,2.690025600822185,222.22689405251847,40.40488982773063,222.22689405251847
Kupang Baru Unit 2,Kupan83,kupan83,FALSE,123.490161176501,-10.2390141934549,125,4.1,120,15.5,15,2025,none,100776.33914848672,2.690025600822185,222.22689405251847,40.40488982773063,222.22689405251847
Kupang Unit 1,Kupan83,kupan83,FALSE,123.490257738483,-10.2389138954614,130,4.7,75,17,16.5,2013,FGD,110853.97306333539,2.5574025743511326,244.44958345777033,44.4453788105037,20.4448742528317
Kupang Unit 2,Kupan83,kupan83,FALSE,123.490257738483,-10.2389138954614,130,4.7,75,17,16.5,2013,FGD,110853.97306333539,2.5574025743511326,244.44958345777033,44.4453788105037,20.4448742528317
Ropa Unit 1,Ropa109,ropa109,FALSE,121.701339503693,-8.50860004088458,130,4.6,120,17,7,2014,none,47028.958269293806,1.1531560698892378,103.7058838911753,18.855615252940964,103.7058838911753
Ropa Unit 2,Ropa109,ropa109,FALSE,121.701339503693,-8.50860004088458,130,4.6,120,17,7,2014,none,47028.958269293806,1.1531560698892378,103.7058838911753,18.855615252940964,103.7058838911753
Timor-1 Unit 1,Timor142,timor142,FALSE,123.4599,-10.352,130,4.3,75,16,50,2024,FGD,335921.13049495575,8.966752002740618,740.756313508395,134.68296609243546,740.756313508395
Timor-1 Unit 2,Timor142,timor142,FALSE,123.4599,-10.352,130,4.3,75,16,50,2024,FGD,335921.13049495575,8.966752002740618,740.756313508395,134.68296609243546,740.756313508395
Holtekamp Unit 1,Holte61,holte61,FALSE,140.790493912775,-2.6143322796123,135,4.7,120,17,10,2011,none,67184.22609899114,1.7933504005481238,148.15126270167897,26.93659321848709,148.15126270167897
Holtekamp Unit 2,Holte61,holte61,FALSE,140.790493912775,-2.6143322796123,135,4.7,120,17,10,2011,none,67184.22609899114,1.7933504005481238,148.15126270167897,26.93659321848709,148.15126270167897
Nabire-Kalibobo Unit 1,Nabir93,nabir93,FALSE,135.4568677,-3.3796544,125,4.2,120,16,7,2022,none,47028.958269293806,1.2553452803836864,31.48887747241141,18.855615252940964,103.7058838911753
Nabire-Kalibobo Unit 2,Nabir93,nabir93,FALSE,135.4568677,-3.3796544,125,4.2,120,16,7,2022,none,47028.958269293806,1.2553452803836864,31.48887747241141,18.855615252940964,103.7058838911753
Amamapare Port Unit 1,Amama26,amama26,FALSE,136.8391,-4.82775,150,5.5,120,18.5,65,1998,none,517106.30399999995,13.803132837133106,346.23554605714287,207.3266742857143,1140.2967085714288
Amamapare Port Unit 2,Amama26,amama26,FALSE,136.8391,-4.82775,150,5.5,120,18.5,65,1998,none,517106.30399999995,13.803132837133106,346.23554605714287,207.3266742857143,1140.2967085714288
Amamapare Port Unit 3,Amama26,amama26,FALSE,136.8391,-4.82775,150,5.5,120,18.5,65,1999,none,517106.30399999995,13.803132837133106,346.23554605714287,207.3266742857143,1140.2967085714288
Sorong Unit 1,Soron117,soron117,FALSE,131.249352151647,-1.01947639971638,125,4.1,120,15.5,7,2025,none,47028.958269293806,1.2553452803836864,103.7058838911753,18.855615252940964,103.7058838911753
Sorong Unit 2,Soron117,soron117,FALSE,131.249352151647,-1.01947639971638,125,4.1,120,15.5,7,2025,none,47028.958269293806,1.2553452803836864,103.7058838911753,18.855615252940964,103.7058838911753
Sorong Unit 3,Soron117,soron117,FALSE,131.249352151647,-1.01947639971638,125,4,120,15.5,7,2026,none,47028.958269293806,1.2553452803836864,103.7058838911753,18.855615252940964,103.7058838911753
Sorong Unit 4,Soron117,soron117,FALSE,131.249352151647,-1.01947639971638,125,4,120,15.5,7,2026,none,47028.958269293806,1.2553452803836864,103.7058838911753,18.855615252940964,103.7058838911753
Gorontalo Unit 1,Goron60,goron60,FALSE,122.796428911427,0.850510452467316,130,4.4,75,16.5,25,2020,FGD,167960.56524747788,4.483376001370309,370.3781567541975,67.34148304621773,30.977082201260156
Gorontalo Unit 2,Goron60,goron60,FALSE,122.796428911427,0.850510452467316,130,4.4,75,16.5,25,2020,FGD,167960.56524747788,4.483376001370309,370.3781567541975,67.34148304621773,30.977082201260156
Molotabu Unit 1,Molot92,molot92,FALSE,123.13406964066,0.434029116189505,130,4.7,75,17,10,2013,FGD,67184.22609899114,1.7933504005481238,59.96893748231781,26.93659321848709,12.39083288050406
Molotabu Unit 2,Molot92,molot92,FALSE,123.13406964066,0.434029116189505,130,4.7,75,17,10,2013,FGD,67184.22609899114,1.7933504005481238,44.98411067487344,26.93659321848709,12.39083288050406
Sulbagut-1 Unit 1,Sulba119,sulba119,FALSE,122.9416,0.942698,130,4.4,75,16,50,2022,FGD,335921.13049495575,8.966752002740618,224.92055337436722,134.68296609243546,61.95416440252031
Sulbagut-1 Unit 2,Sulba119,sulba119,FALSE,122.9416,0.942698,130,4.4,75,16,50,2022,FGD,335921.13049495575,8.966752002740618,224.92055337436722,134.68296609243546,61.95416440252031
Mamuju Unit 1,Mamuj91,mamuj91,FALSE,119.146869826786,-2.47240456469966,130,4.5,75,16.5,25,2018,FGD,167960.56524747788,4.483376001370309,112.46027668718361,67.34148304621773,30.977082201260156
Mamuju Unit 2,Mamuj91,mamuj91,FALSE,119.146869826786,-2.47240456469966,130,4.5,75,16.5,25,2018,FGD,167960.56524747788,4.483376001370309,112.46027668718361,67.34148304621773,30.977082201260156
Jeneponto-1 Unit 1,Jenep73,jenep73,FALSE,119.5512,-5.61788,150,5.5,75,17.5,125,2011,FGD,663002.2312400442,17.697536847514375,1026.589896514502,158.16387794407711,948.9832676644628
Jeneponto-1 Unit 2,Jenep73,jenep73,FALSE,119.5512,-5.61788,150,5.5,75,17.5,125,2011,FGD,663002.2312400442,17.697536847514375,1026.589896514502,158.16387794407711,948.9832676644628
Jeneponto-2 Unit 1,Jenep73,jenep73,FALSE,119.5512,-5.61788,145,5,75,16.5,135,2018,FGD,716042.4097392476,19.113339795315525,1311.9893041693902,170.8169881796033,1024.9019290776198
Jeneponto-2 Unit 2,Jenep73,jenep73,FALSE,119.5512,-5.61788,145,5,75,16.5,135,2018,FGD,716042.4097392476,19.113339795315525,1311.9893041693902,170.8169881796033,1024.9019290776198
Punagaya Unit 1,Jenep73,jenep73,FALSE,119.5508,-5.62363,140,4.9,75,16.5,100,2017,FGD,530401.7849920355,14.1580294780115,1169.6152318553607,212.6573148827928,97.8223648460847
Punagaya Unit 2,Jenep73,jenep73,FALSE,119.5508,-5.62363,140,4.8,75,16.5,100,2018,FGD,530401.7849920355,14.1580294780115,1169.6152318553607,212.6573148827928,97.8223648460847
Sulsel Barru Unit 1,Sulse120,sulse120,FALSE,119.6314,-4.29329,135,4.8,75,17,50,2013,FGD,335921.13049495575,8.966752002740618,299.84468741158906,134.68296609243546,61.95416440252031
Sulsel Barru Unit 2,Sulse120,sulse120,FALSE,119.6314,-4.29329,135,4.8,75,17,50,2013,FGD,335921.13049495575,8.966752002740618,299.84468741158906,134.68296609243546,61.95416440252031
Sulsel Barru-2,Sulse120,sulse120,FALSE,119.6314,-4.29329,140,4.6,120,16,100,2023,none,530401.7849920355,14.1580294780115,355.13771585426406,212.6573148827928,1169.6152318553607
Tonasa Cement Plant power station Phase IV Unit 1,Tonas2,tonas2,FALSE,119.5017,-4.81671,145,5.5,120,19,25,1996,none,198887.04,5.3088972450511935,133.1675177142857,79.74102857142857,438.57565714285715
Tonasa Cement Plant power station Phase IV Unit 2,Tonas2,tonas2,FALSE,119.5017,-4.81671,145,5.5,120,19,25,1996,none,198887.04,5.3088972450511935,133.1675177142857,79.74102857142857,438.57565714285715
"Tonasa Cement Plant Phase V, Unit 1",Tonas2,tonas2,FALSE,119.5017,-4.81671,135,4.8,120,17,35,2013,none,278441.856,7.432456143071671,186.43452480000002,111.63744000000003,614.0059200000002
"Tonasa Cement Plant Phase V, Unit 2",Tonas2,tonas2,FALSE,119.5017,-4.81671,135,4.8,120,17,35,2013,none,278441.856,7.432456143071671,186.43452480000002,111.63744000000003,614.0059200000002
Ampana Unit 1,Ampan151,ampan151,TRUE,121.823045422378,-0.964184170512585,130,4.5,120,16.5,3,2017,none,20155.267829697343,0.5380051201644371,13.495233202462032,8.080977965546126,44.4453788105037
Ampana Unit 2,Ampan151,ampan151,TRUE,121.823045422378,-0.964184170512585,130,4.5,120,16.5,3,2017,none,20155.267829697343,0.5380051201644371,13.495233202462032,8.080977965546126,44.4453788105037
Palu Unit 1,Palu102,palu102,FALSE,119.8559205,-0.7332027,135,5,75,18,15,2006,FGD,100776.33914848672,2.690025600822185,222.22689405251847,40.40488982773063,18.586249320756092
Palu Unit 2,Palu102,palu102,FALSE,119.8559205,-0.7332027,135,5,75,18,15,2006,FGD,100776.33914848672,2.690025600822185,222.22689405251847,40.40488982773063,18.586249320756092
Palu Unit 3,Palu102,palu102,FALSE,119.8559205,-0.7332027,130,4.5,75,16.5,18,2016,FGD,120931.60697818406,3.2280307209866224,266.67227286302216,48.48586779327675,22.303499184907306
Palu Unit 4,Palu102,palu102,FALSE,119.8559205,-0.7332027,130,4.5,75,16.5,18,2016,FGD,120931.60697818406,3.2280307209866224,266.67227286302216,48.48586779327675,22.303499184907306
Palu-3 Unit 1,Palu102,palu102,FALSE,119.8559,-0.7332,130,4.3,75,15.5,50,2025,FGD,335921.13049495575,8.966752002740618,740.756313508395,134.68296609243546,740.756313508395
Palu-3 Unit 2,Palu102,palu102,FALSE,119.8559,-0.7332,130,4.3,75,15.5,50,2025,FGD,335921.13049495575,8.966752002740618,740.756313508395,134.68296609243546,740.756313508395
PT IHIP Unit 1,PTIHI152,ptihi152,TRUE,121.772,-2.28754,140,4.6,120,16,117,2024,none,734835.2741052631,19.61497824224178,1620.4216384962406,175.3001590736842,1620.4216384962406
PT IHIP Unit 2,PTIHI152,ptihi152,TRUE,121.772,-2.28754,140,4.6,120,16,117,2024,none,734835.2741052631,19.61497824224178,1620.4216384962406,175.3001590736842,1620.4216384962406
PT IHIP Unit 3,PTIHI152,ptihi152,TRUE,121.772,-2.28754,140,4.6,120,16,116,2024,none,728554.6307368422,19.447328855555952,1606.5718809022555,173.8018671157895,1606.5718809022555
Sulawesi Labota Unit 1,Sulaw15,sulaw15,FALSE,122.1771,-2.86791,175,6,120,17.5,350,2021,none,2198225.178947368,58.67728534003951,4027.761322105264,524.402185263158,4494.391132168422
Sulawesi Labota Unit 2,Sulaw15,sulaw15,FALSE,122.1771,-2.86791,175,6,120,17,350,2022,none,2198225.178947368,58.67728534003951,4027.761322105264,524.402185263158,4494.391132168422
Sulawesi Labota Unit 3,Sulaw15,sulaw15,FALSE,122.1771,-2.86791,175,6,120,17.5,380,2023,none,2386644.48,63.70676694061434,4372.998006857142,569.350944,4879.624657782858
Sulawesi Labota Unit 9,Sulaw15,sulaw15,FALSE,122.1693,-2.86883,175,6,120,17,380,2024,none,2159345.0057142857,57.63945580341297,4761.678563265306,515.1270445714285,4761.678563265306
Delong Nickel Phase III Unit 01,Delon9,delon9,FALSE,121.4381,-2.00469,145,4.9,120,16.5,135,2021,none,847886.8547368421,22.63266720258667,1553.5650813834588,202.26941431578948,1733.5508652649626
Delong Nickel Phase III Unit 02,Delon9,delon9,FALSE,121.4381,-2.00469,145,4.8,120,16,135,2022,none,847886.8547368421,22.63266720258667,1553.5650813834588,202.26941431578948,1733.5508652649626
Delong Nickel Phase III Unit 03,Delon9,delon9,FALSE,121.4381,-2.00469,145,4.8,120,16,135,2022,none,847886.8547368421,22.63266720258667,1553.5650813834588,202.26941431578948,1733.5508652649626
Delong Nickel Phase III Unit 04,Delon9,delon9,FALSE,121.4381,-2.00469,145,4.8,120,16,135,2022,none,847886.8547368421,22.63266720258667,1553.5650813834588,202.26941431578948,1733.5508652649626
Delong Nickel Phase III Unit 05,Delon9,delon9,FALSE,121.4381,-2.00469,145,4.8,120,16,135,2022,none,847886.8547368421,22.63266720258667,1553.5650813834588,202.26941431578948,1733.5508652649626
Delong Nickel Phase III Unit 06,Delon9,delon9,FALSE,121.4381,-2.00469,145,4.8,120,16,135,2022,none,847886.8547368421,22.63266720258667,1553.5650813834588,202.26941431578948,1733.5508652649626
Delong Nickel Phase III Unit 07,Delon9,delon9,FALSE,121.4381,-2.00469,145,4.8,120,16,135,2023,none,847886.8547368421,22.63266720258667,1553.5650813834588,202.26941431578948,1733.5508652649626
Qingdao Zhongsheng captive Unit 1,Qingd14,qingd14,FALSE,122.2616,-3.04035,135,4.5,120,16,65,2022,none,517106.30399999995,13.803132837133106,346.23554605714287,207.3266742857143,1140.2967085714288
Qingdao Zhongsheng captive Unit 2,Qingd14,qingd14,FALSE,122.2616,-3.04035,135,4.5,120,16,65,2022,none,517106.30399999995,13.803132837133106,346.23554605714287,207.3266742857143,1140.2967085714288
Sulawesi Labota Unit 4,Sulaw15,sulaw15,FALSE,122.1719,-2.86899,175,6,120,17.5,380,2023,none,2159345.0057142857,57.63945580341297,3956.5220062040817,515.1270445714285,4414.898499898775
Sulawesi Labota Unit 5,Sulaw15,sulaw15,FALSE,122.1719,-2.86899,175,6,120,17.5,380,2023,none,2159345.0057142857,57.63945580341297,3956.5220062040817,515.1270445714285,4414.898499898775
Sulawesi Labota Unit 6,Sulaw15,sulaw15,FALSE,122.1719,-2.86899,175,6,120,17.5,380,2023,none,2159345.0057142857,57.63945580341297,3956.5220062040817,515.1270445714285,4414.898499898775
Sulawesi Labota Unit 7,Sulaw15,sulaw15,FALSE,122.1693,-2.86883,175,6,120,17.5,380,2023,none,2159345.0057142857,57.63945580341297,3956.5220062040817,515.1270445714285,4414.898499898775
Sulawesi Labota Unit 8,Sulaw15,sulaw15,FALSE,122.1693,-2.86883,175,6,120,17,380,2024,none,2159345.0057142857,57.63945580341297,4761.678563265306,515.1270445714285,4761.678563265306
Sulawesi Mining Phase I Unit 1,Sulaw16,sulaw16,FALSE,122.1554,-2.82559,140,4.8,120,17,65,2015,none,517106.30399999995,13.803132837133106,346.23554605714287,207.3266742857143,1140.2967085714288
Sulawesi Mining Phase I Unit 2,Sulaw16,sulaw16,FALSE,122.1554,-2.82559,140,4.8,120,17,65,2015,none,517106.30399999995,13.803132837133106,346.23554605714287,207.3266742857143,1140.2967085714288
Sulawesi Mining Phase II Unit 1,Sulaw16,sulaw16,FALSE,122.1553,-2.82738,150,5,120,17,150,2016,none,942096.5052631578,25.147408002874073,1726.1834237593982,224.7437936842105,1926.1676280721802
Sulawesi Mining Phase II Unit 2,Sulaw16,sulaw16,FALSE,122.1553,-2.82738,145,5,120,16.5,150,2020,none,942096.5052631578,25.147408002874073,1726.1834237593982,224.7437936842105,1926.1676280721802
Sulawesi Mining Phase III Unit 1,Sulaw16,sulaw16,FALSE,122.1551,-2.82954,175,6,120,18,350,2017,none,2198225.178947368,58.67728534003951,4027.761322105264,524.402185263158,4494.391132168422
Sulawesi Mining Phase III Unit 2,Sulaw16,sulaw16,FALSE,122.1551,-2.82954,175,6,120,18,350,2017,none,2198225.178947368,58.67728534003951,4027.761322105264,524.402185263158,4494.391132168422
Sulawesi Mining Phase IV Unit 1,Sulaw16,sulaw16,FALSE,122.1553,-2.82738,175,6,120,17.5,350,2019,none,2198225.178947368,58.67728534003951,4027.761322105264,524.402185263158,4494.391132168422
Sulawesi Mining Phase IV Unit 2,Sulaw16,sulaw16,FALSE,122.1553,-2.82738,175,6,120,17.5,350,2019,none,2198225.178947368,58.67728534003951,4027.761322105264,524.402185263158,4494.391132168422
Sulawesi Mining Unit 9,Sulaw16,sulaw16,FALSE,122.1553,-2.82738,160,5.5,120,17,250,2020,none,1570160.842105263,41.91234667145679,2876.9723729323305,374.57298947368423,3210.2793801203
Wanxiang Nickel Indonesia Unit 1,Wanxi3,wanxi3,FALSE,122.0306,-2.73095,135,4.5,120,16,65,2022,none,517106.30399999995,13.803132837133106,346.23554605714287,207.3266742857143,1140.2967085714288
Wanxiang Nickel Indonesia Unit 2,Wanxi3,wanxi3,FALSE,122.0306,-2.73095,135,4.5,120,16,65,2022,none,517106.30399999995,13.803132837133106,346.23554605714287,207.3266742857143,1140.2967085714288
Kendari-3 Unit 1,Kenda80,kenda80,FALSE,122.6534,-4.05129,135,4.6,75,16.5,50,2019,FGD,335921.13049495575,8.966752002740618,224.92055337436722,134.68296609243546,61.95416440252031
Kendari-3 Unit 2,Kenda80,kenda80,FALSE,122.6534,-4.05129,135,4.6,75,16.5,50,2019,FGD,335921.13049495575,8.966752002740618,224.92055337436722,134.68296609243546,61.95416440252031
Nii Tanasa Unit 1,NiiTa96,niita96,FALSE,122.537806010236,-3.89623962044689,130,4.6,120,17,10,2014,none,67184.22609899114,1.7933504005481238,148.15126270167897,26.93659321848709,148.15126270167897
Nii Tanasa Unit 2,NiiTa96,niita96,FALSE,122.537806010236,-3.89623962044689,130,4.7,120,17,10,2012,none,67184.22609899114,1.7933504005481238,148.15126270167897,26.93659321848709,148.15126270167897
Nii Tanasa Unit 3,NiiTa96,niita96,FALSE,122.537806010236,-3.89623962044689,130,4.7,120,17,10,2012,none,67184.22609899114,1.7933504005481238,148.15126270167897,26.93659321848709,148.15126270167897
Delong Nickel Phase I Unit 1,Delon7,delon7,FALSE,122.4193,-3.90754,130,4.5,120,16.5,30,2018,none,238664.448,6.370676694061433,159.80102125714285,95.68923428571428,526.2907885714285
Delong Nickel Phase I Unit 2,Delon7,delon7,FALSE,122.4193,-3.90754,130,4.5,120,16.5,30,2018,none,238664.448,6.370676694061433,159.80102125714285,95.68923428571428,526.2907885714285
Delong Nickel Phase I Unit 3,Delon7,delon7,FALSE,122.4193,-3.90754,135,4.6,120,16.5,50,2019,none,397774.08,10.617794490102387,266.3350354285714,159.48205714285714,877.1513142857143
Delong Nickel Phase I Unit 4,Delon7,delon7,FALSE,122.4193,-3.90754,135,4.6,120,16.5,50,2019,none,397774.08,10.617794490102387,266.3350354285714,159.48205714285714,877.1513142857143
Delong Nickel Phase I Unit 5,Delon7,delon7,FALSE,122.4193,-3.90754,135,4.6,120,16.5,60,2019,none,477328.896,12.741353388122866,319.6020425142857,191.37846857142856,1052.581577142857
Delong Nickel Phase I Unit 6,Delon7,delon7,FALSE,122.4193,-3.90754,135,4.6,120,16.5,60,2019,none,477328.896,12.741353388122866,319.6020425142857,191.37846857142856,1052.581577142857
Delong Nickel Phase I Unit 7,Delon7,delon7,FALSE,122.4193,-3.90754,145,4.9,120,16.5,125,2018,none,785080.4210526315,20.956173335728394,1438.4861864661652,187.28649473684212,1605.13969006015
Delong Nickel Phase I Unit 8,Delon7,delon7,FALSE,122.4193,-3.90754,145,4.9,120,16.5,125,2018,none,785080.4210526315,20.956173335728394,1438.4861864661652,187.28649473684212,1605.13969006015
Delong Nickel Phase II Unit 01,Delon8,delon8,FALSE,122.4683,-3.82791,145,4.9,120,16.5,135,2020,none,847886.8547368421,22.63266720258667,1553.5650813834588,202.26941431578948,1733.5508652649626
Delong Nickel Phase II Unit 02,Delon8,delon8,FALSE,122.4683,-3.82791,145,4.9,120,16.5,135,2020,none,847886.8547368421,22.63266720258667,1553.5650813834588,202.26941431578948,1733.5508652649626
Delong Nickel Phase II Unit 03,Delon8,delon8,FALSE,122.4683,-3.82791,145,4.9,120,16.5,135,2020,none,847886.8547368421,22.63266720258667,1553.5650813834588,202.26941431578948,1733.5508652649626
Delong Nickel Phase II Unit 04,Delon8,delon8,FALSE,122.4683,-3.82791,145,4.9,120,16.5,135,2021,none,847886.8547368421,22.63266720258667,1553.5650813834588,202.26941431578948,1733.5508652649626
Delong Nickel Phase II Unit 05,Delon8,delon8,FALSE,122.4662,-3.82828,145,4.9,120,16.5,135,2021,none,847886.8547368421,22.63266720258667,1553.5650813834588,202.26941431578948,1733.5508652649626
Delong Nickel Phase II Unit 06,Delon8,delon8,FALSE,122.4662,-3.82828,145,4.9,120,16.5,135,2021,none,847886.8547368421,22.63266720258667,1553.5650813834588,202.26941431578948,1733.5508652649626
Delong Nickel Phase II Unit 07,Delon8,delon8,FALSE,122.4662,-3.82828,145,4.9,120,16.5,135,2021,none,847886.8547368421,22.63266720258667,1553.5650813834588,202.26941431578948,1733.5508652649626
Delong Nickel Phase II Unit 08,Delon8,delon8,FALSE,122.4662,-3.82828,145,4.9,120,16.5,135,2021,none,847886.8547368421,22.63266720258667,1553.5650813834588,202.26941431578948,1733.5508652649626
Delong Nickel Phase II Unit 09,Delon8,delon8,FALSE,122.4628,-3.82749,180,6,120,17.5,380,2022,none,2386644.48,63.70676694061434,4372.998006857142,569.350944,4879.624657782858
Delong Nickel Phase II Unit 10,Delon8,delon8,FALSE,122.4628,-3.82749,180,6,120,17.5,380,2021,none,2386644.48,63.70676694061434,4372.998006857142,569.350944,4879.624657782858
Pomalaa Nickel Unit S1,Pomal12,pomal12,FALSE,121.5929,-4.17987,130,4.6,120,16.5,30,2016,none,238664.448,6.370676694061433,159.80102125714285,95.68923428571428,526.2907885714285
Pomalaa Nickel Unit S2,Pomal12,pomal12,FALSE,121.5929,-4.17987,130,4.6,120,16.5,30,2016,none,238664.448,6.370676694061433,159.80102125714285,95.68923428571428,526.2907885714285
Amurang (Lease) Unit 1,Amura44,amura44,FALSE,124.4806,1.182502,130,4.5,75,16.5,30,2018,FGD,201552.67829697343,5.38005120164437,444.45378810503695,80.80977965546126,37.172498641512185
Amurang (Lease) Unit 2,Amura44,amura44,FALSE,124.4806,1.182502,130,4.5,75,16.5,30,2018,FGD,201552.67829697343,5.38005120164437,444.45378810503695,80.80977965546126,37.172498641512185
Amurang Unit 1,Amura44,amura44,FALSE,124.4806,1.182502,60.5,3.36,75,17,30,2012,FGD,201552.67829697343,5.38005120164437,179.9068124469534,80.80977965546126,37.172498641512185
Amurang Unit 2,Amura44,amura44,FALSE,124.4806,1.182502,60.5,3.36,75,17,30,2012,FGD,201552.67829697343,5.38005120164437,179.9068124469534,80.80977965546126,37.172498641512185
Sulut-1 Unit 1,Sulut122,sulut122,FALSE,123.4701,0.890184,130,4.2,75,15.5,50,2026,FGD,335921.13049495575,8.966752002740618,740.756313508395,134.68296609243546,740.756313508395
Sulut-1 Unit 2,Sulut122,sulut122,FALSE,123.4701,0.890184,130,4.2,75,15.5,50,2026,FGD,335921.13049495575,8.966752002740618,740.756313508395,134.68296609243546,740.756313508395
Sulut-3 Unit 1,Sulut123,sulut123,FALSE,125.0855,1.374331,130,4.5,75,16,50,2021,FGD,335921.13049495575,8.966752002740618,224.92055337436722,134.68296609243546,61.95416440252031
Sulut-3 Unit 2,Sulut123,sulut123,FALSE,125.0855,1.374331,130,4.5,75,16,50,2021,FGD,335921.13049495575,8.966752002740618,224.92055337436722,134.68296609243546,61.95416440252031
Talaud Unit 1,Talau130,talau130,FALSE,126.69762944032,4.07542388443435,125,4.2,120,16,3,2022,none,20155.267829697343,0.5380051201644371,13.495233202462032,8.080977965546126,44.4453788105037
Talaud Unit 2,Talau130,talau130,FALSE,126.69762944032,4.07542388443435,125,4.2,120,16,3,2022,none,20155.267829697343,0.5380051201644371,13.495233202462032,8.080977965546126,44.4453788105037
